,,Based on CINELORA AI Test Plan (Scope & Device coverage),,,,,,
,,,,,,,,
Requirement ID,Check ID,Check item description,Priority,Browser,Platform,Status,Defect ID,Comments
RQ-AUTH-01,CH-AUTH-01,"Register new user with valid email and password, user is redirected to dashboard",High,Chrome,Desktop Windows 10/11,PASSED,,
RQ-AUTH-01,CH-AUTH-01,"Register new user with valid email and password, user is redirected to dashboard",High,Safari,Desktop macOS,PASSED,,
RQ-AUTH-01,CH-AUTH-01,"Register new user with valid email and password, user is redirected to dashboard",High,Chrome,Mobile web Android,PASSED,,
RQ-AUTH-01,CH-AUTH-01,"Register new user with valid email and password, user is redirected to dashboard",High,Safari,Mobile web iOS,PASSED,,
RQ-AUTH-01,CH-AUTH-02,"Register with already registered email, system shows ""email already in use"" and does not create account",High,Chrome,Desktop Windows 10/11,PASSED,,
RQ-AUTH-01,CH-AUTH-02,"Register with already registered email, system shows ""email already in use"" and does not create account",High,Firefox,Desktop Windows 10/11,PASSED,,
RQ-AUTH-01,CH-AUTH-02,"Register with already registered email, system shows ""email already in use"" and does not create account",High,Safari,Desktop macOS,PASSED,,
RQ-AUTH-02,CH-AUTH-03,"After registration, verification email is sent; following the link activates the account",High,Chrome,Desktop Windows 10/11,PASSED,,
RQ-AUTH-02,CH-AUTH-03,"After registration, verification email is sent; following the link activates the account",High,Safari,Desktop macOS,PASSED,,
RQ-AUTH-02,CH-AUTH-03,"After registration, verification email is sent; following the link activates the account",High,Chrome,Mobile web Android,SKIPPED,,Email delivery tests on Android postponed to next cycle
RQ-AUTH-03,CH-AUTH-04,"Login with valid credentials, user lands on dashboard",High,Chrome,Desktop Windows 10/11,PASSED,,
RQ-AUTH-03,CH-AUTH-04,"Login with valid credentials, user lands on dashboard",High,Firefox,Desktop Windows 10/11,PASSED,,
RQ-AUTH-03,CH-AUTH-04,"Login with valid credentials, user lands on dashboard",High,Edge,Desktop Windows 10/11,PASSED,,
RQ-AUTH-03,CH-AUTH-04,"Login with valid credentials, user lands on dashboard",High,Safari,Desktop macOS,PASSED,,
RQ-AUTH-03,CH-AUTH-04,"Login with valid credentials, user lands on dashboard",High,Chrome,Mobile web Android,PASSED,,
RQ-AUTH-03,CH-AUTH-04,"Login with valid credentials, user lands on dashboard",High,Safari,Mobile web iOS,PASSED,,
RQ-AUTH-03,CH-AUTH-05,"Login with invalid password, error message is shown and access is not granted",High,Chrome,Desktop Windows 10/11,PASSED,,
RQ-AUTH-03,CH-AUTH-05,"Login with invalid password, error message is shown and access is not granted",High,Firefox,Desktop Windows 10/11,PASSED,,
RQ-AUTH-03,CH-AUTH-05,"Login with invalid password, error message is shown and access is not granted",High,Safari,Desktop macOS,PASSED,,
RQ-AUTH-03,CH-AUTH-05,"Login with invalid password, error message is shown and access is not granted",High,Chrome,Mobile web Android,FAILED,BUG-LOGIN-001,User is logged in after several attempts with wrong password
RQ-AUTH-04,CH-AUTH-06,Forgot password with existing email: reset email is received and new password can be set,High,Chrome,Desktop Windows 10/11,PASSED,,
RQ-AUTH-04,CH-AUTH-06,Forgot password with existing email: reset email is received and new password can be set,High,Safari,Desktop macOS,PASSED,,
RQ-AUTH-04,CH-AUTH-06,Forgot password with existing email: reset email is received and new password can be set,High,Chrome,Mobile web Android,PASSED,,
RQ-AUTH-04,CH-AUTH-06,Forgot password with existing email: reset email is received and new password can be set,High,Safari,Mobile web iOS,PASSED,,
RQ-AUTH-04,CH-AUTH-07,"Forgot password with non-existing email: friendly message returned, no information leak whether account exists",Medium,Chrome,Desktop Windows 10/11,PASSED,,
RQ-AUTH-04,CH-AUTH-07,"Forgot password with non-existing email: friendly message returned, no information leak whether account exists",Medium,Safari,Desktop macOS,PASSED,,
RQ-AUTH-04,CH-AUTH-07,"Forgot password with non-existing email: friendly message returned, no information leak whether account exists",Medium,Chrome,Mobile web Android,SKIPPED,,Test not executed in this cycle
RQ-AUTH-05,CH-AUTH-08,"Logout: after logout, protected pages are not accessible without logging in again",High,Chrome,Desktop Windows 10/11,PASSED,,
RQ-AUTH-05,CH-AUTH-08,"Logout: after logout, protected pages are not accessible without logging in again",High,Firefox,Desktop Windows 10/11,PASSED,,
RQ-AUTH-05,CH-AUTH-08,"Logout: after logout, protected pages are not accessible without logging in again",High,Safari,Desktop macOS,PASSED,,
RQ-AUTH-05,CH-AUTH-08,"Logout: after logout, protected pages are not accessible without logging in again",High,Chrome,Mobile web Android,PASSED,,
RQ-AUTH-05,CH-AUTH-08,"Logout: after logout, protected pages are not accessible without logging in again",High,Safari,Mobile web iOS,PASSED,,
RQ-AUTH-06,CH-AUTH-09,"Rate limiting for login: after several failed attempts, user sees limitation/CAPTCHA or delay",Medium,Chrome,Desktop Windows 10/11,BLOCKED,,Rate limit threshold not configurable on test environment
RQ-AUTH-06,CH-AUTH-09,"Rate limiting for login: after several failed attempts, user sees limitation/CAPTCHA or delay",Medium,Safari,Desktop macOS,BLOCKED,,Same environment limitation
RQ-AUTH-06,CH-AUTH-10,Rate limiting for Forgot password: repeated requests from same email/IP are limited with proper message,Medium,Chrome,Desktop Windows 10/11,SKIPPED,,Planned for next regression run
RQ-PROFILE-01,CH-PROF-01,"View user profile: name/username, email, avatar, registration date are displayed correctly",High,Chrome,Desktop Windows 10/11,PASSED,,
RQ-PROFILE-01,CH-PROF-01,"View user profile: name/username, email, avatar, registration date are displayed correctly",High,Safari,Desktop macOS,PASSED,,
RQ-PROFILE-01,CH-PROF-01,"View user profile: name/username, email, avatar, registration date are displayed correctly",High,Chrome,Mobile web Android,PASSED,,
RQ-PROFILE-01,CH-PROF-01,"View user profile: name/username, email, avatar, registration date are displayed correctly",High,Safari,Mobile web iOS,PASSED,,
RQ-PROFILE-02,CH-PROF-02,"Edit profile: change username and avatar, changes are saved and shown on dashboard and in gallery",High,Chrome,Desktop Windows 10/11,PASSED,,
RQ-PROFILE-02,CH-PROF-02,"Edit profile: change username and avatar, changes are saved and shown on dashboard and in gallery",High,Firefox,Desktop Windows 10/11,PASSED,,
RQ-PROFILE-02,CH-PROF-02,"Edit profile: change username and avatar, changes are saved and shown on dashboard and in gallery",High,Safari,Desktop macOS,PASSED,,
RQ-PROFILE-02,CH-PROF-03,"Edit profile validation: username cannot be empty or exceed max length, error message is shown",Medium,Chrome,Desktop Windows 10/11,PASSED,,
RQ-PROFILE-02,CH-PROF-03,"Edit profile validation: username cannot be empty or exceed max length, error message is shown",Medium,Chrome,Mobile web Android,PASSED,,
RQ-PROFILE-03,CH-PROF-04,Change interface language: language switch in profile settings changes UI texts after reload/login,Medium,Chrome,Desktop Windows 10/11,SKIPPED,,Localization tests planned for later phase
RQ-PROFILE-03,CH-PROF-05,Switch theme to Dark mode: dark theme is applied across main pages and persists after reload/login,Medium,Chrome,Desktop Windows 10/11,PASSED,,
RQ-PROFILE-03,CH-PROF-05,Switch theme to Dark mode: dark theme is applied across main pages and persists after reload/login,Medium,Safari,Desktop macOS,PASSED,,
RQ-PROFILE-03,CH-PROF-05,Switch theme to Dark mode: dark theme is applied across main pages and persists after reload/login,Medium,Chrome,Mobile web Android,PASSED,,
RQ-PROFILE-03,CH-PROF-05,Switch theme to Dark mode: dark theme is applied across main pages and persists after reload/login,Medium,Safari,Mobile web iOS,PASSED,,
RQ-PROFILE-04,CH-PROF-06,"Set default generation parameters (type, size, style) in profile, new prompts use these defaults",High,Chrome,Desktop Windows 10/11,PASSED,,
RQ-PROFILE-04,CH-PROF-06,"Set default generation parameters (type, size, style) in profile, new prompts use these defaults",High,Safari,Desktop macOS,PASSED,,
RQ-PROFILE-04,CH-PROF-06,"Set default generation parameters (type, size, style) in profile, new prompts use these defaults",High,Chrome,Mobile web Android,PASSED,,
RQ-PROFILE-04,CH-PROF-06,"Set default generation parameters (type, size, style) in profile, new prompts use these defaults",High,Safari,Mobile web iOS,PASSED,,
RQ-PROFILE-05,CH-PROF-07,"Change password with correct current password and valid new password, user can log in with new password",High,Chrome,Desktop Windows 10/11,PASSED,,
RQ-PROFILE-05,CH-PROF-07,"Change password with correct current password and valid new password, user can log in with new password",High,Firefox,Desktop Windows 10/11,PASSED,,
RQ-PROFILE-05,CH-PROF-07,"Change password with correct current password and valid new password, user can log in with new password",High,Safari,Desktop macOS,PASSED,,
RQ-PROFILE-05,CH-PROF-07,"Change password with correct current password and valid new password, user can log in with new password",High,Chrome,Mobile web Android,PASSED,,
RQ-PROFILE-05,CH-PROF-08,"Change password with incorrect current password: password is not changed, clear error message is shown",High,Chrome,Desktop Windows 10/11,PASSED,,
RQ-PROFILE-05,CH-PROF-08,"Change password with incorrect current password: password is not changed, clear error message is shown",High,Safari,Desktop macOS,PASSED,,
RQ-PROFILE-05,CH-PROF-08,"Change password with incorrect current password: password is not changed, clear error message is shown",High,Safari,Mobile web iOS,PASSED,,
RQ-PROFILE-06,CH-PROF-09,"Account deletion: user confirms deletion, account is removed and user cannot log in anymore with old credentials",High,Chrome,Desktop Windows 10/11,PASSED,,
RQ-PROFILE-06,CH-PROF-09,"Account deletion: user confirms deletion, account is removed and user cannot log in anymore with old credentials",High,Safari,Desktop macOS,PASSED,,
RQ-PROFILE-06,CH-PROF-09,"Account deletion: user confirms deletion, account is removed and user cannot log in anymore with old credentials",High,Chrome,Mobile web Android,FAILED,BUG-ACC-001,User can still log in via saved session after deletion
RQ-PROFILE-06,CH-PROF-10,Account deletion confirmation: clear warning about data loss and irreversibility is shown before final action,High,Chrome,Desktop Windows 10/11,PASSED,,
RQ-PROFILE-06,CH-PROF-10,Account deletion confirmation: clear warning about data loss and irreversibility is shown before final action,High,Safari,Desktop macOS,PASSED,,
RQ-BILL-01,CH-BILL-01,Display available pricing plans (Free / Pro / others) with limits and main features,High,Chrome,Desktop Windows 10/11,PASSED,,
RQ-BILL-01,CH-BILL-01,Display available pricing plans (Free / Pro / others) with limits and main features,High,Safari,Desktop macOS,PASSED,,
RQ-BILL-01,CH-BILL-01,Display available pricing plans (Free / Pro / others) with limits and main features,High,Chrome,Mobile web Android,PASSED,,
RQ-BILL-01,CH-BILL-01,Display available pricing plans (Free / Pro / others) with limits and main features,High,Safari,Mobile web iOS,PASSED,,
RQ-BILL-02,CH-BILL-02,Show current credits / subscription status for logged-in user in billing widget or profile,High,Chrome,Desktop Windows 10/11,PASSED,,
RQ-BILL-02,CH-BILL-02,Show current credits / subscription status for logged-in user in billing widget or profile,High,Firefox,Desktop Windows 10/11,PASSED,,
RQ-BILL-02,CH-BILL-02,Show current credits / subscription status for logged-in user in billing widget or profile,High,Safari,Desktop macOS,PASSED,,
RQ-BILL-02,CH-BILL-02,Show current credits / subscription status for logged-in user in billing widget or profile,High,Chrome,Mobile web Android,PASSED,,
RQ-BILL-03,CH-BILL-03,"Successful purchase of credit pack via payment gateway sandbox, credits are added to balance",High,Chrome,Desktop Windows 10/11,PASSED,,
RQ-BILL-03,CH-BILL-03,"Successful purchase of credit pack via payment gateway sandbox, credits are added to balance",High,Safari,Desktop macOS,PASSED,,
RQ-BILL-03,CH-BILL-03,"Successful purchase of credit pack via payment gateway sandbox, credits are added to balance",High,Chrome,Mobile web Android,PASSED,,
RQ-BILL-03,CH-BILL-03,"Successful purchase of credit pack via payment gateway sandbox, credits are added to balance",High,Safari,Mobile web iOS,PASSED,,
RQ-BILL-03,CH-BILL-04,"Failed payment (e.g. declined card in sandbox) shows clear error, no credits are added",High,Chrome,Desktop Windows 10/11,PASSED,,
RQ-BILL-03,CH-BILL-04,"Failed payment (e.g. declined card in sandbox) shows clear error, no credits are added",High,Firefox,Desktop Windows 10/11,PASSED,,
RQ-BILL-03,CH-BILL-04,"Failed payment (e.g. declined card in sandbox) shows clear error, no credits are added",High,Safari,Desktop macOS,PASSED,,
RQ-BILL-04,CH-BILL-05,Credit deduction for single image generation: correct number of credits is subtracted after success,High,Chrome,Desktop Windows 10/11,PASSED,,
RQ-BILL-04,CH-BILL-05,Credit deduction for single image generation: correct number of credits is subtracted after success,High,Safari,Desktop macOS,PASSED,,
RQ-BILL-04,CH-BILL-05,Credit deduction for single image generation: correct number of credits is subtracted after success,High,Chrome,Mobile web Android,PASSED,,
RQ-BILL-04,CH-BILL-05,Credit deduction for single image generation: correct number of credits is subtracted after success,High,Safari,Mobile web iOS,PASSED,,
RQ-BILL-04,CH-BILL-06,Credit deduction for single video generation: correct number of credits is subtracted after success,High,Chrome,Desktop Windows 10/11,SKIPPED,,Video generation in scope of next test cycle
RQ-BILL-04,CH-BILL-06,Credit deduction for single video generation: correct number of credits is subtracted after success,High,Safari,Desktop macOS,SKIPPED,,Video generation in scope of next test cycle
RQ-BILL-05,CH-BILL-07,"Transaction history: list of purchases shows date, amount, status and payment method",High,Chrome,Desktop Windows 10/11,PASSED,,
RQ-BILL-05,CH-BILL-07,"Transaction history: list of purchases shows date, amount, status and payment method",High,Safari,Desktop macOS,PASSED,,
RQ-BILL-05,CH-BILL-07,"Transaction history: list of purchases shows date, amount, status and payment method",High,Chrome,Mobile web Android,PASSED,,
RQ-BILL-05,CH-BILL-07,"Transaction history: list of purchases shows date, amount, status and payment method",High,Safari,Mobile web iOS,PASSED,,
RQ-BILL-06,CH-BILL-08,Subscription management: activate Pro plan and verify status and limits are updated accordingly,High,Chrome,Desktop Windows 10/11,PASSED,,
RQ-BILL-06,CH-BILL-08,Subscription management: activate Pro plan and verify status and limits are updated accordingly,High,Safari,Desktop macOS,PASSED,,
RQ-BILL-06,CH-BILL-09,"Subscription cancellation: cancel Pro plan, next renewal date is removed, user is informed",High,Chrome,Desktop Windows 10/11,PASSED,,
RQ-BILL-06,CH-BILL-09,"Subscription cancellation: cancel Pro plan, next renewal date is removed, user is informed",High,Safari,Desktop macOS,PASSED,,
RQ-BILL-07,CH-BILL-10,"Generation attempt with zero credits: user cannot start generation, informative message is shown",High,Chrome,Desktop Windows 10/11,PASSED,,
RQ-BILL-07,CH-BILL-10,"Generation attempt with zero credits: user cannot start generation, informative message is shown",High,Safari,Desktop macOS,PASSED,,
RQ-BILL-07,CH-BILL-10,"Generation attempt with zero credits: user cannot start generation, informative message is shown",High,Chrome,Mobile web Android,PASSED,,
RQ-BILL-07,CH-BILL-10,"Generation attempt with zero credits: user cannot start generation, informative message is shown",High,Safari,Mobile web iOS,PASSED,,
RQ-BILL-08,CH-BILL-11,"Purchase attempt with invalid payment data (test card): payment is declined, user sees clear error",High,Chrome,Desktop Windows 10/11,PASSED,,
RQ-BILL-08,CH-BILL-11,"Purchase attempt with invalid payment data (test card): payment is declined, user sees clear error",High,Firefox,Desktop Windows 10/11,PASSED,,
RQ-BILL-08,CH-BILL-11,"Purchase attempt with invalid payment data (test card): payment is declined, user sees clear error",High,Safari,Desktop macOS,PASSED,,
RQ-BILL-09,CH-BILL-12,Billing information is not accessible for logged-out users; redirect to login/registration,High,Chrome,Desktop Windows 10/11,PASSED,,
RQ-BILL-09,CH-BILL-12,Billing information is not accessible for logged-out users; redirect to login/registration,High,Safari,Desktop macOS,PASSED,,
RQ-BILL-09,CH-BILL-12,Billing information is not accessible for logged-out users; redirect to login/registration,High,Chrome,Mobile web Android,PASSED,,
RQ-BILL-09,CH-BILL-12,Billing information is not accessible for logged-out users; redirect to login/registration,High,Safari,Mobile web iOS,PASSED,,
RQ-BILL-10,CH-BILL-13,"Error handling for temporary payment gateway issues: user sees retry/fallback message, no duplicate charges",Medium,Chrome,Desktop Windows 10/11,BLOCKED,,Billing sandbox does not allow simulating gateway timeout
RQ-BILL-10,CH-BILL-13,"Error handling for temporary payment gateway issues: user sees retry/fallback message, no duplicate charges",Medium,Safari,Desktop macOS,BLOCKED,,Same limitation of payment sandbox
RQ-PROMPT-01,CH-PROMPT-01,"Open prompt creation page from main navigation or CTA button, page loads without errors",High,Chrome,Desktop Windows 10/11,PASSED,,
RQ-PROMPT-01,CH-PROMPT-01,"Open prompt creation page from main navigation or CTA button, page loads without errors",High,Safari,Desktop macOS,PASSED,,
RQ-PROMPT-01,CH-PROMPT-01,"Open prompt creation page from main navigation or CTA button, page loads without errors",High,Chrome,Mobile web Android,PASSED,,
RQ-PROMPT-01,CH-PROMPT-01,"Open prompt creation page from main navigation or CTA button, page loads without errors",High,Safari,Mobile web iOS,PASSED,,
RQ-PROMPT-02,CH-PROMPT-02,"Main text prompt is required: empty prompt cannot be submitted, validation message is shown",High,Chrome,Desktop Windows 10/11,PASSED,,
RQ-PROMPT-02,CH-PROMPT-02,"Main text prompt is required: empty prompt cannot be submitted, validation message is shown",High,Firefox,Desktop Windows 10/11,PASSED,,
RQ-PROMPT-02,CH-PROMPT-02,"Main text prompt is required: empty prompt cannot be submitted, validation message is shown",High,Safari,Desktop macOS,PASSED,,
RQ-PROMPT-02,CH-PROMPT-02,"Main text prompt is required: empty prompt cannot be submitted, validation message is shown",High,Chrome,Mobile web Android,PASSED,,
RQ-PROMPT-02,CH-PROMPT-02,"Main text prompt is required: empty prompt cannot be submitted, validation message is shown",High,Safari,Mobile web iOS,PASSED,,
RQ-PROMPT-02,CH-PROMPT-03,Prompt length validation: too short prompt (e.g. 1–2 characters) is rejected with clear error,High,Chrome,Desktop Windows 10/11,PASSED,,
RQ-PROMPT-02,CH-PROMPT-03,Prompt length validation: too short prompt (e.g. 1–2 characters) is rejected with clear error,High,Safari,Desktop macOS,PASSED,,
RQ-PROMPT-02,CH-PROMPT-03,Prompt length validation: too short prompt (e.g. 1–2 characters) is rejected with clear error,High,Chrome,Mobile web Android,PASSED,,
RQ-PROMPT-02,CH-PROMPT-03,Prompt length validation: too short prompt (e.g. 1–2 characters) is rejected with clear error,High,Safari,Mobile web iOS,FAILED,BUG-PROMPT-002,"Error toast not shown, loading spinner stays active"
RQ-PROMPT-02,CH-PROMPT-04,Prompt length validation: too long prompt above maximum length is blocked or truncated with message,Medium,Chrome,Desktop Windows 10/11,PASSED,,
RQ-PROMPT-02,CH-PROMPT-04,Prompt length validation: too long prompt above maximum length is blocked or truncated with message,Medium,Safari,Desktop macOS,PASSED,,
RQ-PROMPT-02,CH-PROMPT-04,Prompt length validation: too long prompt above maximum length is blocked or truncated with message,Medium,Chrome,Mobile web Android,PASSED,,
RQ-PROMPT-02,CH-PROMPT-05,Invalid characters: prompt containing unsupported characters / script tags is rejected with safe error,High,Chrome,Desktop Windows 10/11,PASSED,,
RQ-PROMPT-02,CH-PROMPT-05,Invalid characters: prompt containing unsupported characters / script tags is rejected with safe error,High,Safari,Desktop macOS,PASSED,,
RQ-PROMPT-02,CH-PROMPT-05,Invalid characters: prompt containing unsupported characters / script tags is rejected with safe error,High,Chrome,Mobile web Android,PASSED,,
RQ-PROMPT-04,CH-PROMPT-06,User can switch generation type between Image and Video using the UI control,High,Chrome,Desktop Windows 10/11,PASSED,,
RQ-PROMPT-04,CH-PROMPT-06,User can switch generation type between Image and Video using the UI control,High,Safari,Desktop macOS,PASSED,,
RQ-PROMPT-04,CH-PROMPT-06,User can switch generation type between Image and Video using the UI control,High,Chrome,Mobile web Android,PASSED,,
RQ-PROMPT-04,CH-PROMPT-06,User can switch generation type between Image and Video using the UI control,High,Safari,Mobile web iOS,PASSED,,
RQ-PROMPT-05,CH-PROMPT-07,"User can select style (realistic, anime, 3D, cinematic, etc.), selected style is clearly highlighted",Medium,Chrome,Desktop Windows 10/11,PASSED,,
RQ-PROMPT-05,CH-PROMPT-07,"User can select style (realistic, anime, 3D, cinematic, etc.), selected style is clearly highlighted",Medium,Safari,Desktop macOS,PASSED,,
RQ-PROMPT-05,CH-PROMPT-07,"User can select style (realistic, anime, 3D, cinematic, etc.), selected style is clearly highlighted",Medium,Chrome,Mobile web Android,PASSED,,
RQ-PROMPT-06,CH-PROMPT-08,User can select size/aspect ratio from predefined options; selected option is applied to the request,High,Chrome,Desktop Windows 10/11,PASSED,,
RQ-PROMPT-06,CH-PROMPT-08,User can select size/aspect ratio from predefined options; selected option is applied to the request,High,Safari,Desktop macOS,PASSED,,
RQ-PROMPT-06,CH-PROMPT-08,User can select size/aspect ratio from predefined options; selected option is applied to the request,High,Chrome,Mobile web Android,PASSED,,
RQ-PROMPT-06,CH-PROMPT-08,User can select size/aspect ratio from predefined options; selected option is applied to the request,High,Safari,Mobile web iOS,PASSED,,
RQ-PROMPT-07,CH-PROMPT-09,"For Video type, duration control shows fixed values (e.g. 4/8/12 seconds) and selected value is stored",Medium,Chrome,Desktop Windows 10/11,SKIPPED,,Video duration tests planned for next cycle
RQ-PROMPT-07,CH-PROMPT-09,"For Video type, duration control shows fixed values (e.g. 4/8/12 seconds) and selected value is stored",Medium,Safari,Desktop macOS,SKIPPED,,Video duration tests planned for next cycle
RQ-PROMPT-08,CH-PROMPT-10,User can choose number of variants (1–4); values outside range are not allowed,Medium,Chrome,Desktop Windows 10/11,PASSED,,
RQ-PROMPT-08,CH-PROMPT-10,User can choose number of variants (1–4); values outside range are not allowed,Medium,Chrome,Mobile web Android,PASSED,,
RQ-PROMPT-09,CH-PROMPT-11,Seed control: user can choose between fixed and random seed; fixed seed value is stored with the prompt,Low,Chrome,Desktop Windows 10/11,PASSED,,
RQ-PROMPT-09,CH-PROMPT-11,Seed control: user can choose between fixed and random seed; fixed seed value is stored with the prompt,Low,Safari,Desktop macOS,PASSED,,
RQ-PROMPT-10,CH-PROMPT-12,Prompt templates (presets): selecting a preset fills prompt fields according to template,Medium,Chrome,Desktop Windows 10/11,PASSED,,
RQ-PROMPT-10,CH-PROMPT-12,Prompt templates (presets): selecting a preset fills prompt fields according to template,Medium,Safari,Desktop macOS,PASSED,,
RQ-PROMPT-10,CH-PROMPT-12,Prompt templates (presets): selecting a preset fills prompt fields according to template,Medium,Chrome,Mobile web Android,FAILED,BUG-PROMPT-001,Some fields not updated when switching presets
RQ-PROMPT-11,CH-PROMPT-13,"Prompt history: last prompts are shown in history list, user can reopen and reuse them",Medium,Chrome,Desktop Windows 10/11,PASSED,,
RQ-PROMPT-11,CH-PROMPT-13,"Prompt history: last prompts are shown in history list, user can reopen and reuse them",Medium,Safari,Desktop macOS,PASSED,,
RQ-PROMPT-11,CH-PROMPT-13,"Prompt history: last prompts are shown in history list, user can reopen and reuse them",Medium,Chrome,Mobile web Android,SKIPPED,,History not enabled on mobile web yet
RQ-PROMPT-12,CH-PROMPT-14,"Submit prompt: clicking Generate sends request, user is navigated to generation/queue view without errors",High,Chrome,Desktop Windows 10/11,PASSED,,
RQ-PROMPT-12,CH-PROMPT-14,"Submit prompt: clicking Generate sends request, user is navigated to generation/queue view without errors",High,Firefox,Desktop Windows 10/11,PASSED,,
RQ-PROMPT-12,CH-PROMPT-14,"Submit prompt: clicking Generate sends request, user is navigated to generation/queue view without errors",High,Safari,Desktop macOS,PASSED,,
RQ-PROMPT-12,CH-PROMPT-14,"Submit prompt: clicking Generate sends request, user is navigated to generation/queue view without errors",High,Chrome,Mobile web Android,PASSED,,
RQ-PROMPT-12,CH-PROMPT-14,"Submit prompt: clicking Generate sends request, user is navigated to generation/queue view without errors",High,Safari,Mobile web iOS,PASSED,,
RQ-PROMPT-13,CH-PROMPT-15,"Error handling: if backend returns validation error for prompt, message from server is shown clearly",High,Chrome,Desktop Windows 10/11,PASSED,,
RQ-PROMPT-13,CH-PROMPT-15,"Error handling: if backend returns validation error for prompt, message from server is shown clearly",High,Safari,Desktop macOS,PASSED,,
RQ-PROMPT-13,CH-PROMPT-15,"Error handling: if backend returns validation error for prompt, message from server is shown clearly",High,Chrome,Mobile web Android,PASSED,,
RQ-PROMPT-14,CH-PROMPT-16,"Prompt form respects user default generation settings from profile (type, size, style preselected)",Medium,Chrome,Desktop Windows 10/11,PASSED,,
RQ-PROMPT-14,CH-PROMPT-16,"Prompt form respects user default generation settings from profile (type, size, style preselected)",Medium,Safari,Desktop macOS,PASSED,,
RQ-PROMPT-14,CH-PROMPT-16,"Prompt form respects user default generation settings from profile (type, size, style preselected)",Medium,Chrome,Mobile web Android,PASSED,,
RQ-QUEUE-01,CH-QUEUE-01,Send image generation request: job is created and appears in user's queue/list,High,Chrome,Desktop Windows 10/11,PASSED,,
RQ-QUEUE-01,CH-QUEUE-01,Send image generation request: job is created and appears in user's queue/list,High,Safari,Desktop macOS,PASSED,,
RQ-QUEUE-01,CH-QUEUE-01,Send image generation request: job is created and appears in user's queue/list,High,Chrome,Mobile web Android,PASSED,,
RQ-QUEUE-01,CH-QUEUE-01,Send image generation request: job is created and appears in user's queue/list,High,Safari,Mobile web iOS,PASSED,,
RQ-QUEUE-02,CH-QUEUE-02,Send video generation request: job is created and appears in user's queue/list,High,Chrome,Desktop Windows 10/11,SKIPPED,,Video generation covered in next cycle
RQ-QUEUE-02,CH-QUEUE-02,Send video generation request: job is created and appears in user's queue/list,High,Safari,Desktop macOS,SKIPPED,,Video generation covered in next cycle
RQ-QUEUE-03,CH-QUEUE-03,"Newly created job has initial status ""queued"" and shows basic info (type, thumbnail placeholder, timestamp)",High,Chrome,Desktop Windows 10/11,PASSED,,
RQ-QUEUE-03,CH-QUEUE-03,"Newly created job has initial status ""queued"" and shows basic info (type, thumbnail placeholder, timestamp)",High,Safari,Desktop macOS,PASSED,,
RQ-QUEUE-03,CH-QUEUE-03,"Newly created job has initial status ""queued"" and shows basic info (type, thumbnail placeholder, timestamp)",High,Chrome,Mobile web Android,PASSED,,
RQ-QUEUE-04,CH-QUEUE-04,"While generation is in progress, job status changes from ""queued"" to ""processing"" with basic progress indicator",High,Chrome,Desktop Windows 10/11,PASSED,,
RQ-QUEUE-04,CH-QUEUE-04,"While generation is in progress, job status changes from ""queued"" to ""processing"" with basic progress indicator",High,Safari,Desktop macOS,PASSED,,
RQ-QUEUE-04,CH-QUEUE-04,"While generation is in progress, job status changes from ""queued"" to ""processing"" with basic progress indicator",High,Chrome,Mobile web Android,PASSED,,
RQ-QUEUE-04,CH-QUEUE-04,"While generation is in progress, job status changes from ""queued"" to ""processing"" with basic progress indicator",High,Safari,Mobile web iOS,PASSED,,
RQ-QUEUE-05,CH-QUEUE-05,"After successful generation, job status becomes ""succeeded"" and result thumbnail/preview is shown in queue",High,Chrome,Desktop Windows 10/11,PASSED,,
RQ-QUEUE-05,CH-QUEUE-05,"After successful generation, job status becomes ""succeeded"" and result thumbnail/preview is shown in queue",High,Safari,Desktop macOS,PASSED,,
RQ-QUEUE-05,CH-QUEUE-05,"After successful generation, job status becomes ""succeeded"" and result thumbnail/preview is shown in queue",High,Chrome,Mobile web Android,PASSED,,
RQ-QUEUE-05,CH-QUEUE-05,"After successful generation, job status becomes ""succeeded"" and result thumbnail/preview is shown in queue",High,Safari,Mobile web iOS,PASSED,,
RQ-QUEUE-06,CH-QUEUE-06,"In case of generation error, job status becomes ""failed"" and user sees clear error message in queue item",High,Chrome,Desktop Windows 10/11,PASSED,,
RQ-QUEUE-06,CH-QUEUE-06,"In case of generation error, job status becomes ""failed"" and user sees clear error message in queue item",High,Safari,Desktop macOS,PASSED,,
RQ-QUEUE-06,CH-QUEUE-06,"In case of generation error, job status becomes ""failed"" and user sees clear error message in queue item",High,Chrome,Mobile web Android,PASSED,,
RQ-QUEUE-07,CH-QUEUE-07,User can open item details from queue (click on succeeded job opens details page or modal),High,Chrome,Desktop Windows 10/11,PASSED,,
RQ-QUEUE-07,CH-QUEUE-07,User can open item details from queue (click on succeeded job opens details page or modal),High,Safari,Desktop macOS,PASSED,,
RQ-QUEUE-07,CH-QUEUE-07,User can open item details from queue (click on succeeded job opens details page or modal),High,Chrome,Mobile web Android,PASSED,,
RQ-QUEUE-07,CH-QUEUE-07,User can open item details from queue (click on succeeded job opens details page or modal),High,Safari,Mobile web iOS,PASSED,,
RQ-QUEUE-08,CH-QUEUE-08,Queue refresh behavior: new jobs and status updates appear without hard page reload (auto-refresh or manual refresh button),Medium,Chrome,Desktop Windows 10/11,PASSED,,
RQ-QUEUE-08,CH-QUEUE-08,Queue refresh behavior: new jobs and status updates appear without hard page reload (auto-refresh or manual refresh button),Medium,Safari,Desktop macOS,PASSED,,
RQ-QUEUE-09,CH-QUEUE-09,"Maximum concurrent jobs per user: after limit is reached, new generation attempts are blocked with proper message",High,Chrome,Desktop Windows 10/11,FAILED,BUG-QUEUE-001,New request is still sent when limit is reached
RQ-QUEUE-09,CH-QUEUE-09,"Maximum concurrent jobs per user: after limit is reached, new generation attempts are blocked with proper message",High,Safari,Desktop macOS,PASSED,,
RQ-QUEUE-09,CH-QUEUE-09,"Maximum concurrent jobs per user: after limit is reached, new generation attempts are blocked with proper message",High,Chrome,Mobile web Android,SKIPPED,,Test not executed in this cycle
RQ-QUEUE-10,CH-QUEUE-10,"Daily/monthly limits per plan: when user reaches limit, further generation attempts are blocked with explanation",High,Chrome,Desktop Windows 10/11,SKIPPED,,Plan limits not fully configured on test environment
RQ-QUEUE-10,CH-QUEUE-10,"Daily/monthly limits per plan: when user reaches limit, further generation attempts are blocked with explanation",High,Safari,Desktop macOS,SKIPPED,,Plan limits not fully configured on test environment
RQ-QUEUE-11,CH-QUEUE-11,"Timeout from AI service: when backend reports timeout, job becomes ""failed"" or ""timeout"" and user sees retry option",Medium,Chrome,Desktop Windows 10/11,BLOCKED,,AI provider sandbox does not support timeout simulation
RQ-QUEUE-11,CH-QUEUE-11,"Timeout from AI service: when backend reports timeout, job becomes ""failed"" or ""timeout"" and user sees retry option",Medium,Safari,Desktop macOS,BLOCKED,,AI provider sandbox does not support timeout simulation
RQ-QUEUE-12,CH-QUEUE-12,"Temporary AI API unavailability: error is handled gracefully, no endless ""processing"" state, user sees error message",Medium,Chrome,Desktop Windows 10/11,PASSED,,
RQ-QUEUE-12,CH-QUEUE-12,"Temporary AI API unavailability: error is handled gracefully, no endless ""processing"" state, user sees error message",Medium,Safari,Desktop macOS,PASSED,,
RQ-QUEUE-13,CH-QUEUE-13,Queue shows only current user's jobs; jobs from other users are not visible,High,Chrome,Desktop Windows 10/11,PASSED,,
RQ-QUEUE-13,CH-QUEUE-13,Queue shows only current user's jobs; jobs from other users are not visible,High,Safari,Desktop macOS,PASSED,,
RQ-QUEUE-14,CH-QUEUE-14,Basic sorting in queue (e.g. newest first) works correctly,Low,Chrome,Desktop Windows 10/11,PASSED,,
RQ-QUEUE-14,CH-QUEUE-14,Basic sorting in queue (e.g. newest first) works correctly,Low,Safari,Desktop macOS,PASSED,,
RQ-GAL-01,CH-GAL-01,"Open ""My creations"" from main navigation, gallery page loads without errors",High,Chrome,Desktop Windows 10/11,PASSED,,
RQ-GAL-01,CH-GAL-01,"Open ""My creations"" from main navigation, gallery page loads without errors",High,Safari,Desktop macOS,PASSED,,
RQ-GAL-01,CH-GAL-01,"Open ""My creations"" from main navigation, gallery page loads without errors",High,Chrome,Mobile web Android,PASSED,,
RQ-GAL-01,CH-GAL-01,"Open ""My creations"" from main navigation, gallery page loads without errors",High,Safari,Mobile web iOS,PASSED,,
RQ-GAL-02,CH-GAL-02,Display all generated works as list/grid with image thumbnails and video poster frames with play icon,High,Chrome,Desktop Windows 10/11,PASSED,,
RQ-GAL-02,CH-GAL-02,Display all generated works as list/grid with image thumbnails and video poster frames with play icon,High,Safari,Desktop macOS,PASSED,,
RQ-GAL-02,CH-GAL-02,Display all generated works as list/grid with image thumbnails and video poster frames with play icon,High,Chrome,Mobile web Android,PASSED,,
RQ-GAL-02,CH-GAL-02,Display all generated works as list/grid with image thumbnails and video poster frames with play icon,High,Safari,Mobile web iOS,PASSED,,
RQ-GAL-03,CH-GAL-03,"Filter by type = Images: only image items are shown, videos are hidden",Medium,Chrome,Desktop Windows 10/11,PASSED,,
RQ-GAL-03,CH-GAL-03,"Filter by type = Images: only image items are shown, videos are hidden",Medium,Safari,Desktop macOS,PASSED,,
RQ-GAL-03,CH-GAL-04,"Filter by type = Videos: only video items are shown, images are hidden",Medium,Chrome,Desktop Windows 10/11,PASSED,,
RQ-GAL-03,CH-GAL-04,"Filter by type = Videos: only video items are shown, images are hidden",Medium,Safari,Desktop macOS,PASSED,,
RQ-GAL-04,CH-GAL-05,Filter by date (e.g. Today / Last 7 days / Custom range) shows only items within selected period,Medium,Chrome,Desktop Windows 10/11,PASSED,,
RQ-GAL-04,CH-GAL-05,Filter by date (e.g. Today / Last 7 days / Custom range) shows only items within selected period,Medium,Chrome,Mobile web Android,PASSED,,
RQ-GAL-05,CH-GAL-06,"Filter by style (e.g. realistic, anime, 3D, cinematic) shows only items with selected style",Medium,Chrome,Desktop Windows 10/11,PASSED,,
RQ-GAL-05,CH-GAL-06,"Filter by style (e.g. realistic, anime, 3D, cinematic) shows only items with selected style",Medium,Safari,Desktop macOS,PASSED,,
RQ-GAL-06,CH-GAL-07,"Sorting by ""Newest first"": latest creations appear at the top of the list/grid",Medium,Chrome,Desktop Windows 10/11,PASSED,,
RQ-GAL-06,CH-GAL-07,"Sorting by ""Newest first"": latest creations appear at the top of the list/grid",Medium,Safari,Desktop macOS,PASSED,,
RQ-GAL-06,CH-GAL-08,"Sorting by ""Oldest first"": oldest creations appear at the top of the list/grid",Low,Chrome,Desktop Windows 10/11,PASSED,,
RQ-GAL-06,CH-GAL-08,"Sorting by ""Oldest first"": oldest creations appear at the top of the list/grid",Low,Safari,Desktop macOS,PASSED,,
RQ-GAL-07,CH-GAL-09,Search by prompt text: entering full prompt text returns correct items,High,Chrome,Desktop Windows 10/11,PASSED,,
RQ-GAL-07,CH-GAL-09,Search by prompt text: entering full prompt text returns correct items,High,Safari,Desktop macOS,PASSED,,
RQ-GAL-07,CH-GAL-10,Search by prompt text: partial match returns items containing the substring in prompt,Medium,Chrome,Desktop Windows 10/11,PASSED,,
RQ-GAL-07,CH-GAL-10,Search by prompt text: partial match returns items containing the substring in prompt,Medium,Safari,Desktop macOS,PASSED,,
RQ-GAL-08,CH-GAL-11,Pagination / infinite scroll loads next portion of items without duplicates or gaps,Medium,Chrome,Desktop Windows 10/11,PASSED,,
RQ-GAL-08,CH-GAL-11,Pagination / infinite scroll loads next portion of items without duplicates or gaps,Medium,Safari,Desktop macOS,PASSED,,
RQ-GAL-08,CH-GAL-11,Pagination / infinite scroll loads next portion of items without duplicates or gaps,Medium,Chrome,Mobile web Android,FAILED,BUG-GAL-001,Scroll sometimes loads same items twice
RQ-GAL-08,CH-GAL-11,Pagination / infinite scroll loads next portion of items without duplicates or gaps,Medium,Safari,Mobile web iOS,PASSED,,
RQ-GAL-09,CH-GAL-12,"Empty state: if user has no creations, show friendly empty-state message and CTA to create first prompt",Low,Chrome,Desktop Windows 10/11,PASSED,,
RQ-GAL-09,CH-GAL-12,"Empty state: if user has no creations, show friendly empty-state message and CTA to create first prompt",Low,Safari,Desktop macOS,PASSED,,
RQ-GAL-09,CH-GAL-12,"Empty state: if user has no creations, show friendly empty-state message and CTA to create first prompt",Low,Chrome,Mobile web Android,PASSED,,
RQ-GAL-09,CH-GAL-12,"Empty state: if user has no creations, show friendly empty-state message and CTA to create first prompt",Low,Safari,Mobile web iOS,PASSED,,
RQ-GAL-10,CH-GAL-13,Bulk selection: user can select multiple items using checkboxes or selection mode,Medium,Chrome,Desktop Windows 10/11,PASSED,,
RQ-GAL-10,CH-GAL-13,Bulk selection: user can select multiple items using checkboxes or selection mode,Medium,Safari,Desktop macOS,PASSED,,
RQ-GAL-10,CH-GAL-14,Bulk delete: selected items can be deleted at once after confirmation dialog,High,Chrome,Desktop Windows 10/11,PASSED,,
RQ-GAL-10,CH-GAL-14,Bulk delete: selected items can be deleted at once after confirmation dialog,High,Safari,Desktop macOS,PASSED,,
RQ-GAL-10,CH-GAL-14,Bulk delete: selected items can be deleted at once after confirmation dialog,High,Chrome,Mobile web Android,SKIPPED,,Bulk selection not finalized on mobile web
RQ-GAL-10,CH-GAL-14,Bulk delete: selected items can be deleted at once after confirmation dialog,High,Safari,Mobile web iOS,SKIPPED,,Bulk selection not finalized on mobile web
RQ-GAL-11,CH-GAL-15,"Unauthorized access: opening ""My creations"" while logged out redirects to login/registration",High,Chrome,Desktop Windows 10/11,PASSED,,
RQ-GAL-11,CH-GAL-15,"Unauthorized access: opening ""My creations"" while logged out redirects to login/registration",High,Safari,Desktop macOS,PASSED,,
RQ-GAL-11,CH-GAL-15,"Unauthorized access: opening ""My creations"" while logged out redirects to login/registration",High,Chrome,Mobile web Android,PASSED,,
RQ-GAL-11,CH-GAL-15,"Unauthorized access: opening ""My creations"" while logged out redirects to login/registration",High,Safari,Mobile web iOS,PASSED,,
RQ-ITEM-01,CH-ITEM-01,Open item details from User gallery: clicking on a thumbnail opens details page or modal,High,Chrome,Desktop Windows 10/11,PASSED,,
RQ-ITEM-01,CH-ITEM-01,Open item details from User gallery: clicking on a thumbnail opens details page or modal,High,Safari,Desktop macOS,PASSED,,
RQ-ITEM-01,CH-ITEM-01,Open item details from User gallery: clicking on a thumbnail opens details page or modal,High,Chrome,Mobile web Android,PASSED,,
RQ-ITEM-01,CH-ITEM-01,Open item details from User gallery: clicking on a thumbnail opens details page or modal,High,Safari,Mobile web iOS,PASSED,,
RQ-ITEM-02,CH-ITEM-02,For image items: full-size image is displayed correctly in details view without distortion,High,Chrome,Desktop Windows 10/11,PASSED,,
RQ-ITEM-02,CH-ITEM-02,For image items: full-size image is displayed correctly in details view without distortion,High,Safari,Desktop macOS,PASSED,,
RQ-ITEM-02,CH-ITEM-02,For image items: full-size image is displayed correctly in details view without distortion,High,Chrome,Mobile web Android,PASSED,,
RQ-ITEM-02,CH-ITEM-02,For image items: full-size image is displayed correctly in details view without distortion,High,Safari,Mobile web iOS,PASSED,,
RQ-ITEM-03,CH-ITEM-03,"For video items: embedded player is visible, video can be played/paused and scrubbed",High,Chrome,Desktop Windows 10/11,PASSED,,
RQ-ITEM-03,CH-ITEM-03,"For video items: embedded player is visible, video can be played/paused and scrubbed",High,Safari,Desktop macOS,PASSED,,
RQ-ITEM-03,CH-ITEM-03,"For video items: embedded player is visible, video can be played/paused and scrubbed",High,Chrome,Mobile web Android,SKIPPED,,Video playback on Android covered in separate media tests
RQ-ITEM-03,CH-ITEM-03,"For video items: embedded player is visible, video can be played/paused and scrubbed",High,Safari,Mobile web iOS,SKIPPED,,Video playback on iOS covered in separate media tests
RQ-ITEM-04,CH-ITEM-04,Metadata section shows prompt text,High,Chrome,Desktop Windows 10/11,PASSED,,
RQ-ITEM-04,CH-ITEM-04,Metadata section shows prompt text,High,Safari,Desktop macOS,PASSED,,
RQ-ITEM-04,CH-ITEM-04,Metadata section shows prompt text ,High,Chrome,Mobile web Android,PASSED,,
RQ-ITEM-05,CH-ITEM-05,"Metadata section shows style, size/aspect ratio, generation type (Image/Video) and created date/time",Medium,Chrome,Desktop Windows 10/11,PASSED,,
RQ-ITEM-05,CH-ITEM-05,"Metadata section shows style, size/aspect ratio, generation type (Image/Video) and created date/time",Medium,Safari,Desktop macOS,PASSED,,
RQ-ITEM-05,CH-ITEM-05,"Metadata section shows style, size/aspect ratio, generation type (Image/Video) and created date/time",Medium,Chrome,Mobile web Android,PASSED,,
RQ-ITEM-06,CH-ITEM-06,Metadata section shows number of credits spent for this generation,Medium,Chrome,Desktop Windows 10/11,PASSED,,
RQ-ITEM-06,CH-ITEM-06,Metadata section shows number of credits spent for this generation,Medium,Safari,Desktop macOS,PASSED,,
RQ-ITEM-07,CH-ITEM-07,Download image as .png: file is downloaded with correct extension and can be opened locally,High,Chrome,Desktop Windows 10/11,PASSED,,
RQ-ITEM-07,CH-ITEM-07,Download image as .png: file is downloaded with correct extension and can be opened locally,High,Safari,Desktop macOS,PASSED,,
RQ-ITEM-07,CH-ITEM-07,Download image as .png: file is downloaded with correct extension and can be opened locally,High,Chrome,Mobile web Android,PASSED,,
RQ-ITEM-07,CH-ITEM-07,Download image as .png: file is downloaded with correct extension and can be opened locally,High,Safari,Mobile web iOS,PASSED,,
RQ-ITEM-08,CH-ITEM-08,Download video as .mp4: file is downloaded with correct extension and can be played locally,High,Chrome,Desktop Windows 10/11,PASSED,,
RQ-ITEM-08,CH-ITEM-08,Download video as .mp4: file is downloaded with correct extension and can be played locally,High,Safari,Desktop macOS,PASSED,,
RQ-ITEM-09,CH-ITEM-09,"Optional image format (.webp): if available, user can choose .webp and download works correctly",Low,Chrome,Desktop Windows 10/11,SKIPPED,,WebP format not enabled on current build
RQ-ITEM-10,CH-ITEM-10,"Add item to Favorites: clicking ""Favorite"" marks item as favorite and state is saved after reload",Medium,Chrome,Desktop Windows 10/11,PASSED,,
RQ-ITEM-10,CH-ITEM-10,"Add item to Favorites: clicking ""Favorite"" marks item as favorite and state is saved after reload",Medium,Safari,Desktop macOS,PASSED,,
RQ-ITEM-10,CH-ITEM-11,Remove item from Favorites: clicking again removes item from favorites list and state is saved,Medium,Chrome,Desktop Windows 10/11,PASSED,,
RQ-ITEM-10,CH-ITEM-11,Remove item from Favorites: clicking again removes item from favorites list and state is saved,Medium,Safari,Desktop macOS,PASSED,,
RQ-ITEM-11,CH-ITEM-12,"Generate variations: from details view, user can start generation of variations based on current item",High,Chrome,Desktop Windows 10/11,PASSED,,
RQ-ITEM-11,CH-ITEM-12,"Generate variations: from details view, user can start generation of variations based on current item",High,Safari,Desktop macOS,PASSED,,
RQ-ITEM-11,CH-ITEM-12,"Generate variations: from details view, user can start generation of variations based on current item",High,Chrome,Mobile web Android,PASSED,,
RQ-ITEM-11,CH-ITEM-12,"Generate variations: from details view, user can start generation of variations based on current item",High,Safari,Mobile web iOS,PASSED,,
RQ-ITEM-12,CH-ITEM-13,"Duplicate prompt: from details view, user can create a new prompt pre-filled with current prompt parameters",High,Chrome,Desktop Windows 10/11,PASSED,,
RQ-ITEM-12,CH-ITEM-13,"Duplicate prompt: from details view, user can create a new prompt pre-filled with current prompt parameters",High,Safari,Desktop macOS,PASSED,,
RQ-ITEM-12,CH-ITEM-13,"Duplicate prompt: from details view, user can create a new prompt pre-filled with current prompt parameters",High,Chrome,Mobile web Android,FAILED,BUG-ITEM-001,Style and size are not copied to the new prompt
RQ-ITEM-12,CH-ITEM-13,"Duplicate prompt: from details view, user can create a new prompt pre-filled with current prompt parameters",High,Safari,Mobile web iOS,PASSED,,
RQ-ITEM-13,CH-ITEM-14,"Navigating back from item details returns user to correct position in ""My creations"" list/grid",Medium,Chrome,Desktop Windows 10/11,PASSED,,
RQ-ITEM-13,CH-ITEM-14,"Navigating back from item details returns user to correct position in ""My creations"" list/grid",Medium,Safari,Desktop macOS,PASSED,,
RQ-ITEM-13,CH-ITEM-14,"Navigating back from item details returns user to correct position in ""My creations"" list/grid",Medium,Chrome,Mobile web Android,FAILED,BUG-ITEM-002,User is returned to top of list instead of previous scroll position
RQ-ITEM-13,CH-ITEM-14,"Navigating back from item details returns user to correct position in ""My creations"" list/grid",Medium,Safari,Mobile web iOS,PASSED,,
RQ-ITEM-14,CH-ITEM-15,Unauthorized access: opening item details of another user without permission is not allowed,High,Chrome,Desktop Windows 10/11,PASSED,,
RQ-ITEM-14,CH-ITEM-15,Unauthorized access: opening item details of another user without permission is not allowed,High,Safari,Desktop macOS,PASSED,,
RQ-ITEM-14,CH-ITEM-15,Unauthorized access: opening item details of another user without permission is not allowed,High,Chrome,Mobile web Android,PASSED,,
RQ-ITEM-14,CH-ITEM-15,Unauthorized access: opening item details of another user without permission is not allowed,High,Safari,Mobile web iOS,PASSED,,
RQ-PUBLIC-01,CH-PUB-01,"Open ""Share / Public link"" dialog from item details view",High,Chrome,Desktop Windows 10/11,PASSED,,
RQ-PUBLIC-01,CH-PUB-01,"Open ""Share / Public link"" dialog from item details view",High,Safari,Desktop macOS,PASSED,,
RQ-PUBLIC-01,CH-PUB-01,"Open ""Share / Public link"" dialog from item details view",High,Chrome,Mobile web Android,PASSED,,
RQ-PUBLIC-01,CH-PUB-01,"Open ""Share / Public link"" dialog from item details view",High,Safari,Mobile web iOS,PASSED,,
RQ-PUBLIC-02,CH-PUB-02,Create public link with privacy mode = Unlisted (accessible only by direct link),High,Chrome,Desktop Windows 10/11,PASSED,,
RQ-PUBLIC-02,CH-PUB-02,Create public link with privacy mode = Unlisted (accessible only by direct link),High,Safari,Desktop macOS,PASSED,,
RQ-PUBLIC-02,CH-PUB-02,Create public link with privacy mode = Unlisted (accessible only by direct link),High,Chrome,Mobile web Android,PASSED,,
RQ-PUBLIC-02,CH-PUB-02,Create public link with privacy mode = Unlisted (accessible only by direct link),High,Safari,Mobile web iOS,PASSED,,
RQ-PUBLIC-03,CH-PUB-03,Create public link with privacy mode = Public (eligible to appear in global gallery / Explore),High,Chrome,Desktop Windows 10/11,PASSED,,
RQ-PUBLIC-03,CH-PUB-03,Create public link with privacy mode = Public (eligible to appear in global gallery / Explore),High,Safari,Desktop macOS,PASSED,,
RQ-PUBLIC-04,CH-PUB-04,Switch privacy mode between Private / Unlisted / Public and save changes,High,Chrome,Desktop Windows 10/11,PASSED,,
RQ-PUBLIC-04,CH-PUB-04,Switch privacy mode between Private / Unlisted / Public and save changes,High,Safari,Desktop macOS,PASSED,,
RQ-PUBLIC-04,CH-PUB-04,Switch privacy mode between Private / Unlisted / Public and save changes,High,Chrome,Mobile web Android,PASSED,,
RQ-PUBLIC-05,CH-PUB-05,Open Unlisted public page in incognito / logged-out session via direct URL,High,Chrome,Desktop Windows 10/11,PASSED,,
RQ-PUBLIC-05,CH-PUB-05,Open Unlisted public page in incognito / logged-out session via direct URL,High,Safari,Desktop macOS,PASSED,,
RQ-PUBLIC-05,CH-PUB-05,Open Unlisted public page in incognito / logged-out session via direct URL,High,Chrome,Mobile web Android,PASSED,,
RQ-PUBLIC-05,CH-PUB-05,Open Unlisted public page in incognito / logged-out session via direct URL,High,Safari,Mobile web iOS,PASSED,,
RQ-PUBLIC-06,CH-PUB-06,"Open Public item page without authorization: media preview and basic info (author, date, views/likes if present) are visible",High,Chrome,Desktop Windows 10/11,PASSED,,
RQ-PUBLIC-06,CH-PUB-06,"Open Public item page without authorization: media preview and basic info (author, date, views/likes if present) are visible",High,Safari,Desktop macOS,PASSED,,
RQ-PUBLIC-06,CH-PUB-06,"Open Public item page without authorization: media preview and basic info (author, date, views/likes if present) are visible",High,Chrome,Mobile web Android,PASSED,,
RQ-PUBLIC-06,CH-PUB-06,"Open Public item page without authorization: media preview and basic info (author, date, views/likes if present) are visible",High,Safari,Mobile web iOS,PASSED,,
RQ-PUBLIC-07,CH-PUB-07,Attempt to open Private item by public link while logged out: access is denied or user is redirected to login,High,Chrome,Desktop Windows 10/11,PASSED,,
RQ-PUBLIC-07,CH-PUB-07,Attempt to open Private item by public link while logged out: access is denied or user is redirected to login,High,Safari,Desktop macOS,PASSED,,
RQ-PUBLIC-07,CH-PUB-07,Attempt to open Private item by public link while logged out: access is denied or user is redirected to login,High,Chrome,Mobile web Android,PASSED,,
RQ-PUBLIC-07,CH-PUB-07,Attempt to open Private item by public link while logged out: access is denied or user is redirected to login,High,Safari,Mobile web iOS,PASSED,,
RQ-PUBLIC-08,CH-PUB-08,Copy link button copies correct public URL to clipboard,Medium,Chrome,Desktop Windows 10/11,PASSED,,
RQ-PUBLIC-08,CH-PUB-08,Copy link button copies correct public URL to clipboard,Medium,Safari,Desktop macOS,PASSED,,
RQ-PUBLIC-08,CH-PUB-08,Copy link button copies correct public URL to clipboard,Medium,Chrome,Mobile web Android,FAILED,BUG-PUB-001,Link not copied on some Android browsers
RQ-PUBLIC-08,CH-PUB-08,Copy link button copies correct public URL to clipboard,Medium,Safari,Mobile web iOS,PASSED,,
RQ-PUBLIC-09,CH-PUB-09,Social share: clicking Twitter/X share opens new tab with pre-filled URL and title,Low,Chrome,Desktop Windows 10/11,PASSED,,
RQ-PUBLIC-09,CH-PUB-09,Social share: clicking Twitter/X share opens new tab with pre-filled URL and title,Low,Safari,Desktop macOS,PASSED,,
RQ-PUBLIC-10,CH-PUB-10,Social share: clicking Facebook share opens new tab with pre-filled URL and title,Low,Chrome,Desktop Windows 10/11,PASSED,,
RQ-PUBLIC-10,CH-PUB-10,Social share: clicking Facebook share opens new tab with pre-filled URL and title,Low,Safari,Desktop macOS,PASSED,,
RQ-PUBLIC-11,CH-PUB-11,Global gallery / Explore: open Explore page and see list/grid of public items from different users,Medium,Chrome,Desktop Windows 10/11,PASSED,,
RQ-PUBLIC-11,CH-PUB-11,Global gallery / Explore: open Explore page and see list/grid of public items from different users,Medium,Safari,Desktop macOS,PASSED,,
RQ-PUBLIC-11,CH-PUB-11,Global gallery / Explore: open Explore page and see list/grid of public items from different users,Medium,Chrome,Mobile web Android,PASSED,,
RQ-PUBLIC-11,CH-PUB-11,Global gallery / Explore: open Explore page and see list/grid of public items from different users,Medium,Safari,Mobile web iOS,PASSED,,
RQ-PUBLIC-12,CH-PUB-12,Explore filtering by tag/style/content type shows only matching public items,Medium,Chrome,Desktop Windows 10/11,PASSED,,
RQ-PUBLIC-12,CH-PUB-12,Explore filtering by tag/style/content type shows only matching public items,Medium,Safari,Desktop macOS,PASSED,,
RQ-PUBLIC-13,CH-PUB-13,"Explore sorting by ""Latest"" shows newest public items first",Low,Chrome,Desktop Windows 10/11,PASSED,,
RQ-PUBLIC-13,CH-PUB-13,"Explore sorting by ""Latest"" shows newest public items first",Low,Safari,Desktop macOS,PASSED,,
RQ-PUBLIC-14,CH-PUB-14,"Explore sorting by ""Trending"" (if available) shows items ordered by popularity metrics",Low,Chrome,Desktop Windows 10/11,SKIPPED,,Trending algorithm not finalized yet
RQ-PUBLIC-15,CH-PUB-15,Unauthorized access: user cannot change privacy mode or delete someone else's public item,High,Chrome,Desktop Windows 10/11,PASSED,,
RQ-PUBLIC-15,CH-PUB-15,Unauthorized access: user cannot change privacy mode or delete someone else's public item,High,Safari,Desktop macOS,PASSED,,
RQ-PUBLIC-15,CH-PUB-15,Unauthorized access: user cannot change privacy mode or delete someone else's public item,High,Chrome,Mobile web Android,PASSED,,
RQ-PUBLIC-15,CH-PUB-15,Unauthorized access: user cannot change privacy mode or delete someone else's public item,High,Safari,Mobile web iOS,PASSED,,
RQ-PUBLIC-01,CH-PUB-01,"Open ""Share / Public link"" dialog from item details view",High,Chrome,Desktop Windows 10/11,PASSED,,
RQ-PUBLIC-01,CH-PUB-01,"Open ""Share / Public link"" dialog from item details view",High,Safari,Desktop macOS,PASSED,,
RQ-PUBLIC-01,CH-PUB-01,"Open ""Share / Public link"" dialog from item details view",High,Chrome,Mobile web Android,PASSED,,
RQ-PUBLIC-01,CH-PUB-01,"Open ""Share / Public link"" dialog from item details view",High,Safari,Mobile web iOS,PASSED,,
RQ-PUBLIC-02,CH-PUB-02,Create public link with privacy mode = Unlisted (accessible only by direct link),High,Chrome,Desktop Windows 10/11,PASSED,,
RQ-PUBLIC-02,CH-PUB-02,Create public link with privacy mode = Unlisted (accessible only by direct link),High,Safari,Desktop macOS,PASSED,,
RQ-PUBLIC-02,CH-PUB-02,Create public link with privacy mode = Unlisted (accessible only by direct link),High,Chrome,Mobile web Android,PASSED,,
RQ-PUBLIC-02,CH-PUB-02,Create public link with privacy mode = Unlisted (accessible only by direct link),High,Safari,Mobile web iOS,PASSED,,
RQ-PUBLIC-03,CH-PUB-03,Create public link with privacy mode = Public (eligible to appear in global gallery / Explore),High,Chrome,Desktop Windows 10/11,PASSED,,
RQ-PUBLIC-03,CH-PUB-03,Create public link with privacy mode = Public (eligible to appear in global gallery / Explore),High,Safari,Desktop macOS,PASSED,,
RQ-PUBLIC-04,CH-PUB-04,Switch privacy mode between Private / Unlisted / Public and save changes,High,Chrome,Desktop Windows 10/11,PASSED,,
RQ-PUBLIC-04,CH-PUB-04,Switch privacy mode between Private / Unlisted / Public and save changes,High,Safari,Desktop macOS,PASSED,,
RQ-PUBLIC-04,CH-PUB-04,Switch privacy mode between Private / Unlisted / Public and save changes,High,Chrome,Mobile web Android,PASSED,,
RQ-PUBLIC-05,CH-PUB-05,Open Unlisted public page in incognito / logged-out session via direct URL,High,Chrome,Desktop Windows 10/11,PASSED,,
RQ-PUBLIC-05,CH-PUB-05,Open Unlisted public page in incognito / logged-out session via direct URL,High,Safari,Desktop macOS,PASSED,,
RQ-PUBLIC-05,CH-PUB-05,Open Unlisted public page in incognito / logged-out session via direct URL,High,Chrome,Mobile web Android,PASSED,,
RQ-PUBLIC-05,CH-PUB-05,Open Unlisted public page in incognito / logged-out session via direct URL,High,Safari,Mobile web iOS,PASSED,,
RQ-PUBLIC-06,CH-PUB-06,"Open Public item page without authorization: media preview and basic info (author, date, views/likes if present) are visible",High,Chrome,Desktop Windows 10/11,PASSED,,
RQ-PUBLIC-06,CH-PUB-06,"Open Public item page without authorization: media preview and basic info (author, date, views/likes if present) are visible",High,Safari,Desktop macOS,PASSED,,
RQ-PUBLIC-06,CH-PUB-06,"Open Public item page without authorization: media preview and basic info (author, date, views/likes if present) are visible",High,Chrome,Mobile web Android,PASSED,,
RQ-PUBLIC-06,CH-PUB-06,"Open Public item page without authorization: media preview and basic info (author, date, views/likes if present) are visible",High,Safari,Mobile web iOS,PASSED,,
RQ-PUBLIC-07,CH-PUB-07,Attempt to open Private item by public link while logged out: access is denied or user is redirected to login,High,Chrome,Desktop Windows 10/11,PASSED,,
RQ-PUBLIC-07,CH-PUB-07,Attempt to open Private item by public link while logged out: access is denied or user is redirected to login,High,Safari,Desktop macOS,PASSED,,
RQ-PUBLIC-07,CH-PUB-07,Attempt to open Private item by public link while logged out: access is denied or user is redirected to login,High,Chrome,Mobile web Android,PASSED,,
RQ-PUBLIC-07,CH-PUB-07,Attempt to open Private item by public link while logged out: access is denied or user is redirected to login,High,Safari,Mobile web iOS,PASSED,,
RQ-PUBLIC-08,CH-PUB-08,Copy link button copies correct public URL to clipboard,Medium,Chrome,Desktop Windows 10/11,PASSED,,
RQ-PUBLIC-08,CH-PUB-08,Copy link button copies correct public URL to clipboard,Medium,Safari,Desktop macOS,PASSED,,
RQ-PUBLIC-08,CH-PUB-08,Copy link button copies correct public URL to clipboard,Medium,Chrome,Mobile web Android,FAILED,BUG-PUB-001,Link not copied 
RQ-PUBLIC-08,CH-PUB-08,Copy link button copies correct public URL to clipboard,Medium,Safari,Mobile web iOS,PASSED,,
RQ-PUBLIC-09,CH-PUB-09,Social share: clicking Twitter/X share opens new tab with pre-filled URL and title,Low,Chrome,Desktop Windows 10/11,PASSED,,
RQ-PUBLIC-09,CH-PUB-09,Social share: clicking Twitter/X share opens new tab with pre-filled URL and title,Low,Safari,Desktop macOS,PASSED,,
RQ-PUBLIC-10,CH-PUB-10,Social share: clicking Facebook share opens new tab with pre-filled URL and title,Low,Chrome,Desktop Windows 10/11,PASSED,,
RQ-PUBLIC-10,CH-PUB-10,Social share: clicking Facebook share opens new tab with pre-filled URL and title,Low,Safari,Desktop macOS,PASSED,,
RQ-PUBLIC-16,CH-PUB-16,Social share: clicking Instagram share opens Instagram (web or app) with pre-filled URL/caption ready to post,Low,Chrome,Desktop Windows 10/11,PASSED,,
RQ-PUBLIC-16,CH-PUB-16,Social share: clicking Instagram share opens Instagram (web or app) with pre-filled URL/caption ready to post,Low,Safari,Desktop macOS,PASSED,,
RQ-PUBLIC-16,CH-PUB-16,Social share: clicking Instagram share opens Instagram (web or app) with pre-filled URL/caption ready to post,Low,Chrome,Mobile web Android,PASSED,,
RQ-PUBLIC-16,CH-PUB-16,Social share: clicking Instagram share opens Instagram (web or app) with pre-filled URL/caption ready to post,Low,Safari,Mobile web iOS,PASSED,,
RQ-PUBLIC-11,CH-PUB-11,Global gallery / Explore: open Explore page and see list/grid of public items from different users,Medium,Chrome,Desktop Windows 10/11,PASSED,,
RQ-PUBLIC-11,CH-PUB-11,Global gallery / Explore: open Explore page and see list/grid of public items from different users,Medium,Safari,Desktop macOS,PASSED,,
RQ-PUBLIC-11,CH-PUB-11,Global gallery / Explore: open Explore page and see list/grid of public items from different users,Medium,Chrome,Mobile web Android,PASSED,,
RQ-PUBLIC-11,CH-PUB-11,Global gallery / Explore: open Explore page and see list/grid of public items from different users,Medium,Safari,Mobile web iOS,PASSED,,
RQ-PUBLIC-12,CH-PUB-12,Explore filtering by tag/style/content type shows only matching public items,Medium,Chrome,Desktop Windows 10/11,PASSED,,
RQ-PUBLIC-12,CH-PUB-12,Explore filtering by tag/style/content type shows only matching public items,Medium,Safari,Desktop macOS,PASSED,,
RQ-PUBLIC-13,CH-PUB-13,"Explore sorting by ""Latest"" shows newest public items first",Low,Chrome,Desktop Windows 10/11,PASSED,,
RQ-PUBLIC-13,CH-PUB-13,"Explore sorting by ""Latest"" shows newest public items first",Low,Safari,Desktop macOS,PASSED,,
RQ-PUBLIC-14,CH-PUB-14,"Explore sorting by ""Trending"" shows items ordered by popularity metrics",Low,Chrome,Desktop Windows 10/11,SKIPPED,,Trending algorithm not finalized yet
RQ-PUBLIC-15,CH-PUB-15,Unauthorized access: user cannot change privacy mode or delete someone else's public item,High,Chrome,Desktop Windows 10/11,PASSED,,
RQ-PUBLIC-15,CH-PUB-15,Unauthorized access: user cannot change privacy mode or delete someone else's public item,High,Safari,Desktop macOS,PASSED,,
RQ-PUBLIC-15,CH-PUB-15,Unauthorized access: user cannot change privacy mode or delete someone else's public item,High,Chrome,Mobile web Android,PASSED,,
RQ-PUBLIC-15,CH-PUB-15,Unauthorized access: user cannot change privacy mode or delete someone else's public item,High,Safari,Mobile web iOS,PASSED,,
RQ-MOD-01,CH-MOD-01,Prompt with forbidden keyword is blocked before sending to AI; user sees clear blocking message,High,Chrome,Desktop Windows 10/11,PASSED,,
RQ-MOD-01,CH-MOD-01,Prompt with forbidden keyword is blocked before sending to AI; user sees clear blocking message,High,Safari,Desktop macOS,PASSED,,
RQ-MOD-01,CH-MOD-01,Prompt with forbidden keyword is blocked before sending to AI; user sees clear blocking message,High,Chrome,Mobile web Android,PASSED,,
RQ-MOD-01,CH-MOD-01,Prompt with forbidden keyword is blocked before sending to AI; user sees clear blocking message,High,Safari,Mobile web iOS,PASSED,,
RQ-MOD-02,CH-MOD-02,Prompt with combination of risky words is blocked according to rules (not only exact single keyword match),High,Chrome,Desktop Windows 10/11,PASSED,,
RQ-MOD-02,CH-MOD-02,Prompt with combination of risky words is blocked according to rules (not only exact single keyword match),High,Safari,Desktop macOS,PASSED,,
RQ-MOD-03,CH-MOD-03,"Borderline but allowed prompt (e.g. artistic nudity, mild violence) is not blocked but may be marked as sensitive",Medium,Chrome,Desktop Windows 10/11,PASSED,,
RQ-MOD-03,CH-MOD-03,"Borderline but allowed prompt (e.g. artistic nudity, mild violence) is not blocked but may be marked as sensitive",Medium,Safari,Desktop macOS,PASSED,,
RQ-MOD-04,CH-MOD-04,AI output that is classified as NSFW is marked as NSFW/sensitive in metadata and UI,High,Chrome,Desktop Windows 10/11,PASSED,,
RQ-MOD-04,CH-MOD-04,AI output that is classified as NSFW is marked as NSFW/sensitive in metadata and UI,High,Safari,Desktop macOS,PASSED,,
RQ-MOD-05,CH-MOD-05,NSFW items in User gallery are visually marked and hidden/blurred by default (require explicit reveal),High,Chrome,Desktop Windows 10/11,PASSED,,
RQ-MOD-05,CH-MOD-05,NSFW items in User gallery are visually marked and hidden/blurred by default (require explicit reveal),High,Safari,Desktop macOS,PASSED,,
RQ-MOD-05,CH-MOD-05,NSFW items in User gallery are visually marked and hidden/blurred by default (require explicit reveal),High,Chrome,Mobile web Android,PASSED,,
RQ-MOD-05,CH-MOD-05,NSFW items in User gallery are visually marked and hidden/blurred by default (require explicit reveal),High,Safari,Mobile web iOS,PASSED,,
RQ-MOD-06,CH-MOD-06,"When opening NSFW item details, user sees warning screen and must confirm to view content",High,Chrome,Desktop Windows 10/11,PASSED,,
RQ-MOD-06,CH-MOD-06,"When opening NSFW item details, user sees warning screen and must confirm to view content",High,Safari,Desktop macOS,PASSED,,
RQ-MOD-06,CH-MOD-06,"When opening NSFW item details, user sees warning screen and must confirm to view content",High,Chrome,Mobile web Android,PASSED,,
RQ-MOD-06,CH-MOD-06,"When opening NSFW item details, user sees warning screen and must confirm to view content",High,Safari,Mobile web iOS,PASSED,,
RQ-MOD-07,CH-MOD-07,Public pages for NSFW items hide or blur preview by default and show clear NSFW warning,High,Chrome,Desktop Windows 10/11,PASSED,,
RQ-MOD-07,CH-MOD-07,Public pages for NSFW items hide or blur preview by default and show clear NSFW warning,High,Safari,Desktop macOS,PASSED,,
RQ-MOD-07,CH-MOD-07,Public pages for NSFW items hide or blur preview by default and show clear NSFW warning,High,Chrome,Mobile web Android,PASSED,,
RQ-MOD-07,CH-MOD-07,Public pages for NSFW items hide or blur preview by default and show clear NSFW warning,High,Safari,Mobile web iOS,PASSED,,
RQ-MOD-08,CH-MOD-08,"User can report inappropriate content from item details or public page via ""Report"" action",High,Chrome,Desktop Windows 10/11,PASSED,,
RQ-MOD-08,CH-MOD-08,"User can report inappropriate content from item details or public page via ""Report"" action",High,Safari,Desktop macOS,PASSED,,
RQ-MOD-08,CH-MOD-08,"User can report inappropriate content from item details or public page via ""Report"" action",High,Chrome,Mobile web Android,PASSED,,
RQ-MOD-08,CH-MOD-08,"User can report inappropriate content from item details or public page via ""Report"" action",High,Safari,Mobile web iOS,PASSED,,
RQ-MOD-09,CH-MOD-09,"Report dialog allows selecting reason (NSFW, hate, violence, spam, other) and optional comment",Medium,Chrome,Desktop Windows 10/11,PASSED,,
RQ-MOD-09,CH-MOD-09,"Report dialog allows selecting reason (NSFW, hate, violence, spam, other) and optional comment",Medium,Safari,Desktop macOS,PASSED,,
RQ-MOD-10,CH-MOD-10,"Reported items appear in admin ""Content reports"" list with correct status and metadata",High,Chrome,Desktop Windows 10/11,PASSED,,
RQ-MOD-10,CH-MOD-10,"Reported items appear in admin ""Content reports"" list with correct status and metadata",High,Safari,Desktop macOS,PASSED,,
RQ-MOD-11,CH-MOD-11,"Admin can mark reported item as ""Allowed"" and it is removed from reports queue",Medium,Chrome,Desktop Windows 10/11,PASSED,,
RQ-MOD-11,CH-MOD-11,"Admin can mark reported item as ""Allowed"" and it is removed from reports queue",Medium,Safari,Desktop macOS,PASSED,,
RQ-MOD-12,CH-MOD-12,"Admin can mark reported item as ""NSFW"" or ""Removed"" and this is reflected in user UI and public pages",High,Chrome,Desktop Windows 10/11,PASSED,,
RQ-MOD-12,CH-MOD-12,"Admin can mark reported item as ""NSFW"" or ""Removed"" and this is reflected in user UI and public pages",High,Safari,Desktop macOS,PASSED,,
RQ-MOD-13,CH-MOD-13,"Blocked prompts are not sent to AI provider (no credits deducted, no job created in queue)",High,Chrome,Desktop Windows 10/11,PASSED,,
RQ-MOD-13,CH-MOD-13,"Blocked prompts are not sent to AI provider (no credits deducted, no job created in queue)",High,Safari,Desktop macOS,PASSED,,
RQ-MOD-14,CH-MOD-14,NSFW detection and prompt blocking still work correctly when AI provider returns errors or timeouts,Medium,Chrome,Desktop Windows 10/11,SKIPPED,,Detailed error-handling tests planned for later cycle
RQ-MOD-15,CH-MOD-15,Audit / logging: reported items and moderation decisions are logged and visible to admins (basic check),Low,Chrome,Desktop Windows 10/11,SKIPPED,,Audit logging not fully implemented in current build
RQ-ADMIN-01,CH-ADM-01,Admin login with valid credentials opens admin dashboard,High,Chrome,Desktop Windows 10/11,PASSED,,
RQ-ADMIN-01,CH-ADM-01,Admin login with valid credentials opens admin dashboard,High,Safari,Desktop macOS,PASSED,,
RQ-ADMIN-02,CH-ADM-02,Admin login with invalid password shows error message and does not grant access,High,Chrome,Desktop Windows 10/11,PASSED,,
RQ-ADMIN-02,CH-ADM-02,Admin login with invalid password shows error message and does not grant access,High,Safari,Desktop macOS,PASSED,,
RQ-ADMIN-03,CH-ADM-03,"Unauthorized user (non-admin) cannot access admin URL; is redirected or sees ""Access denied""",High,Chrome,Desktop Windows 10/11,PASSED,,
RQ-ADMIN-03,CH-ADM-03,"Unauthorized user (non-admin) cannot access admin URL; is redirected or sees ""Access denied""",High,Safari,Desktop macOS,PASSED,,
RQ-ADMIN-04,CH-ADM-04,"Users list: admin can see paginated list of users with basic info (email, username, status, role)",High,Chrome,Desktop Windows 10/11,PASSED,,
RQ-ADMIN-04,CH-ADM-04,"Users list: admin can see paginated list of users with basic info (email, username, status, role)",High,Safari,Desktop macOS,PASSED,,
RQ-ADMIN-05,CH-ADM-05,Search users by email returns correct results,High,Chrome,Desktop Windows 10/11,PASSED,,
RQ-ADMIN-05,CH-ADM-05,Search users by email returns correct results,High,Safari,Desktop macOS,PASSED,,
RQ-ADMIN-06,CH-ADM-06,Search users by username returns correct results,Medium,Chrome,Desktop Windows 10/11,PASSED,,
RQ-ADMIN-06,CH-ADM-06,Search users by username returns correct results,Medium,Safari,Desktop macOS,PASSED,,
RQ-ADMIN-07,CH-ADM-07,Filter users by status (active/blocked) shows only users with selected status,Medium,Chrome,Desktop Windows 10/11,PASSED,,
RQ-ADMIN-07,CH-ADM-07,Filter users by status (active/blocked) shows only users with selected status,Medium,Safari,Desktop macOS,PASSED,,
RQ-ADMIN-08,CH-ADM-08,Block user: admin can change user status to blocked; blocked user cannot log in to user portal anymore,High,Chrome,Desktop Windows 10/11,PASSED,,
RQ-ADMIN-08,CH-ADM-08,Block user: admin can change user status to blocked; blocked user cannot log in to user portal anymore,High,Safari,Desktop macOS,PASSED,,
RQ-ADMIN-09,CH-ADM-09,Unblock user: admin can change user status back to active; user can log in again,High,Chrome,Desktop Windows 10/11,PASSED,,
RQ-ADMIN-09,CH-ADM-09,Unblock user: admin can change user status back to active; user can log in again,High,Safari,Desktop macOS,PASSED,,
RQ-ADMIN-10,CH-ADM-10,"User details: admin can open detailed view with basic profile info, plan/credits, and recent activity",Medium,Chrome,Desktop Windows 10/11,PASSED,,
RQ-ADMIN-10,CH-ADM-10,"User details: admin can open detailed view with basic profile info, plan/credits, and recent activity",Medium,Safari,Desktop macOS,PASSED,,
RQ-ADMIN-11,CH-ADM-11,"Content reports list: reported items appear in admin panel with reporter, reason, date, and status",High,Chrome,Desktop Windows 10/11,PASSED,,
RQ-ADMIN-11,CH-ADM-11,"Content reports list: reported items appear in admin panel with reporter, reason, date, and status",High,Safari,Desktop macOS,PASSED,,
RQ-ADMIN-12,CH-ADM-12,Open reported item from content reports list (link to public/user item details),High,Chrome,Desktop Windows 10/11,PASSED,,
RQ-ADMIN-12,CH-ADM-12,Open reported item from content reports list (link to public/user item details),High,Safari,Desktop macOS,PASSED,,
RQ-ADMIN-13,CH-ADM-13,"Moderation decision: admin can mark report as ""Allowed"" and report disappears from open queue",Medium,Chrome,Desktop Windows 10/11,PASSED,,
RQ-ADMIN-13,CH-ADM-13,"Moderation decision: admin can mark report as ""Allowed"" and report disappears from open queue",Medium,Safari,Desktop macOS,PASSED,,
RQ-ADMIN-14,CH-ADM-14,"Moderation decision: admin can mark item as ""NSFW"" or ""Removed""; this is reflected in user UI and public pages",High,Chrome,Desktop Windows 10/11,PASSED,,
RQ-ADMIN-14,CH-ADM-14,"Moderation decision: admin can mark item as ""NSFW"" or ""Removed""; this is reflected in user UI and public pages",High,Safari,Desktop macOS,PASSED,,
RQ-ADMIN-15,CH-ADM-15,Basic analytics: dashboard shows number of new users for selected period,Medium,Chrome,Desktop Windows 10/11,PASSED,,
RQ-ADMIN-15,CH-ADM-15,Basic analytics: dashboard shows number of new users for selected period,Medium,Safari,Desktop macOS,PASSED,,
RQ-ADMIN-16,CH-ADM-16,Basic analytics: dashboard shows number of generations (image/video) for selected period,Medium,Chrome,Desktop Windows 10/11,PASSED,,
RQ-ADMIN-16,CH-ADM-16,Basic analytics: dashboard shows number of generations (image/video) for selected period,Medium,Safari,Desktop macOS,PASSED,,
RQ-ADMIN-17,CH-ADM-17,Basic analytics: dashboard shows average generation time (aggregated metric),Low,Chrome,Desktop Windows 10/11,SKIPPED,,Metric calculation not finalized yet
RQ-ADMIN-17,CH-ADM-17,Basic analytics: dashboard shows average generation time (aggregated metric),Low,Safari,Desktop macOS,SKIPPED,,Metric calculation not finalized yet
RQ-ADMIN-18,CH-ADM-18,Basic analytics: dashboard shows credit usage statistics by plan/type,Low,Chrome,Desktop Windows 10/11,SKIPPED,,Analytics for credits not implemented in current build
RQ-ADMIN-18,CH-ADM-18,Basic analytics: dashboard shows credit usage statistics by plan/type,Low,Safari,Desktop macOS,SKIPPED,,Analytics for credits not implemented in current build
RQ-UI-01,CH-UI-01,"Main pages (landing/dashboard/gallery) layout matches Figma designs on desktop (spacing, alignment, colors, typography)",High,Chrome,Desktop Windows 10/11,PASSED,,
RQ-UI-01,CH-UI-01,"Main pages (landing/dashboard/gallery) layout matches Figma designs on desktop (spacing, alignment, colors, typography)",High,Safari,Desktop macOS,PASSED,,
RQ-UI-02,CH-UI-02,"Buttons, links and interactive controls have consistent styles and hover/active states according to design system",Medium,Safari,Desktop macOS,PASSED,,
RQ-UI-03,CH-UI-03,No horizontal scroll on Full HD desktop resolution; content fits viewport width on main pages,High,Chrome,Desktop Windows 10/11,PASSED,,
RQ-UI-03,CH-UI-03,No horizontal scroll on Full HD desktop resolution; content fits viewport width on main pages,High,Safari,Desktop macOS,PASSED,,
RQ-RESP-01,CH-RESP-01,Layout adapts correctly on tablet resolution (e.g. 768–1024 px): main navigation and content blocks rearranged without overlap,High,Chrome,Desktop Windows 10/11,PASSED,,"DevTools responsive mode, tablet breakpoint"
RQ-RESP-01,CH-RESP-01,Layout adapts correctly on tablet resolution (e.g. 768–1024 px): main navigation and content blocks rearranged without overlap,High,Safari,Desktop macOS,PASSED,,"DevTools responsive mode, tablet breakpoint"
RQ-RESP-02,CH-RESP-02,"On mobile web (portrait), main pages show single-column layout; no overlapping text/buttons, no horizontal scroll",High,Chrome,Mobile web Android,PASSED,,
RQ-RESP-02,CH-RESP-02,"On mobile web (portrait), main pages show single-column layout; no overlapping text/buttons, no horizontal scroll",High,Safari,Mobile web iOS,PASSED,,
RQ-RESP-03,CH-RESP-03,"Responsive navigation: burger menu or mobile navigation works correctly (open/close, links accessible) on mobile web",High,Chrome,Mobile web Android,PASSED,,
RQ-RESP-03,CH-RESP-03,"Responsive navigation: burger menu or mobile navigation works correctly (open/close, links accessible) on mobile web",High,Safari,Mobile web iOS,PASSED,,
RQ-UX-01,CH-UX-01,"Primary user flows (registration, login, prompt → generation → download) are discoverable from main navigation without dead ends",High,Chrome,Desktop Windows 10/11,PASSED,,
RQ-UX-01,CH-UX-01,"Primary user flows (registration, login, prompt → generation → download) are discoverable from main navigation without dead ends",High,Safari,Desktop macOS,PASSED,,
RQ-UX-02,CH-UX-02,"Form errors (login, registration, prompt creation) are shown near the relevant fields with clear, readable text",High,Chrome,Desktop Windows 10/11,PASSED,,
RQ-UX-02,CH-UX-02,"Form errors (login, registration, prompt creation) are shown near the relevant fields with clear, readable text",High,Safari,Desktop macOS,PASSED,,
RQ-UX-02,CH-UX-02,"Form errors (login, registration, prompt creation) are shown near the relevant fields with clear, readable text",High,Chrome,Mobile web Android,PASSED,,
RQ-UX-03,CH-UX-03,"Touch targets (buttons, toggles, filters) on mobile web have sufficient size and spacing for finger taps",Medium,Chrome,Mobile web Android,PASSED,,
RQ-UX-03,CH-UX-03,"Touch targets (buttons, toggles, filters) on mobile web have sufficient size and spacing for finger taps",Medium,Safari,Mobile web iOS,PASSED,,
RQ-UX-04,CH-UX-04,Infinite scroll / pagination in galleries is smooth; no layout jumps or content shifts during loading,Medium,Chrome,Desktop Windows 10/11,PASSED,,
RQ-UX-04,CH-UX-04,Infinite scroll / pagination in galleries is smooth; no layout jumps or content shifts during loading,Medium,Safari,Desktop macOS,PASSED,,
RQ-LOC-01,CH-LOC-01,"Default language (English) is applied across main pages: no mixed languages, no untranslated strings",High,Chrome,Desktop Windows 10/11,PASSED,,
RQ-LOC-01,CH-LOC-01,"Default language (English) is applied across main pages: no mixed languages, no untranslated strings",High,Safari,Desktop macOS,PASSED,,
RQ-LOC-01,CH-LOC-01,"Default language (English) is applied across main pages: no mixed languages, no untranslated strings",High,Chrome,Mobile web Android,PASSED,,
RQ-LOC-02,CH-LOC-02,"Text does not overlap or get truncated in key UI elements (buttons, tabs, headers, error messages) on mobile web",High,Chrome,Mobile web Android,PASSED,,
RQ-LOC-02,CH-LOC-02,"Text does not overlap or get truncated in key UI elements (buttons, tabs, headers, error messages) on mobile web",High,Safari,Mobile web iOS,PASSED,,
RQ-LOC-03,CH-LOC-03,"If language switch is available, changing language updates UI texts on main pages after reload/login",Medium,Chrome,Desktop Windows 10/11,SKIPPED,,Localization switch planned for later phase
RQ-LOC-03,CH-LOC-03,"If language switch is available, changing language updates UI texts on main pages after reload/login",Medium,Safari,Desktop macOS,SKIPPED,,Localization switch planned for later phase
RQ-THEME-01,CH-UI-05,Switching theme (light/dark) updates colors on main pages and persists after reload/login,Medium,Chrome,Desktop Windows 10/11,PASSED,,
RQ-THEME-01,CH-UI-05,Switching theme (light/dark) updates colors on main pages and persists after reload/login,Medium,Safari,Desktop macOS,PASSED,,
RQ-THEME-01,CH-UI-05,Switching theme (light/dark) updates colors on main pages and persists after reload/login,Medium,Chrome,Mobile web Android,PASSED,,
RQ-THEME-01,CH-UI-05,Switching theme (light/dark) updates colors on main pages and persists after reload/login,Medium,Safari,Mobile web iOS,PASSED,,
RQ-BROWS-01,CH-UI-06,"Core pages (login, prompt creation, gallery, item details) open and render correctly in Firefox (no layout breaks, JS errors)",High,Firefox,Desktop Windows 10/11,PASSED,,
RQ-BROWS-01,CH-UI-07,"Core pages (login, prompt creation, gallery, item details) open and render correctly in Edge (no layout breaks, JS errors)",High,Edge,Desktop Windows 10/11,PASSED,,
RQ-BROWS-02,CH-UI-08,"No browser-specific visual glitches for Safari on macOS (fonts, buttons, modals)",Medium,Safari,Desktop macOS,PASSED,,
RQ-BROWS-03,CH-UI-09,"Zooming page to 90% / 125% on desktop keeps layout usable (no clipped content, key actions stay visible)",Medium,Chrome,Desktop Windows 10/11,PASSED,,
RQ-BROWS-03,CH-UI-09,"Zooming page to 90% / 125% on desktop keeps layout usable (no clipped content, key actions stay visible)",Medium,Safari,Desktop macOS,PASSED,,